timestamp,slot_id,slot_label,status,confidence
2026-03-19 16:28:37.401,0,L1,Vacant,0.0000
2026-03-19 16:28:37.401,1,L2,Vacant,0.0000
2026-03-19 16:28:37.401,2,L3,Vacant,0.0000
2026-03-19 16:28:37.401,3,L4,Vacant,0.0000
2026-03-19 16:28:37.401,4,C1,Vacant,0.0000
2026-03-19 16:28:37.401,5,C2,Vacant,0.0000
2026-03-19 16:28:37.401,6,C3,Vacant,0.0000
2026-03-19 16:28:37.401,7,R1,Vacant,0.0000
2026-03-19 16:28:37.401,8,R2,Vacant,0.0000
2026-03-19 16:28:37.401,9,R3,Vacant,0.0000
2026-03-19 16:28:37.518,0,L1,Vacant,0.0000
2026-03-19 16:28:37.518,1,L2,Vacant,0.0000
2026-03-19 16:28:37.518,2,L3,Vacant,0.0000
2026-03-19 16:28:37.518,3,L4,Vacant,0.0000
2026-03-19 16:28:37.518,4,C1,Vacant,0.0000
2026-03-19 16:28:37.518,5,C2,Vacant,0.0000
2026-03-19 16:28:37.518,6,C3,Vacant,0.0000
2026-03-19 16:28:37.518,7,R1,Vacant,0.0000
2026-03-19 16:28:37.518,8,R2,Vacant,0.0000
2026-03-19 16:28:37.518,9,R3,Vacant,0.0000
2026-03-19 16:28:37.632,0,L1,Vacant,0.0000
2026-03-19 16:28:37.632,1,L2,Vacant,0.0000
2026-03-19 16:28:37.632,2,L3,Vacant,0.0000
2026-03-19 16:28:37.632,3,L4,Vacant,0.0000
2026-03-19 16:28:37.632,4,C1,Vacant,0.0000
2026-03-19 16:28:37.632,5,C2,Vacant,0.0000
2026-03-19 16:28:37.632,6,C3,Vacant,0.0000
2026-03-19 16:28:37.632,7,R1,Vacant,0.0000
2026-03-19 16:28:37.632,8,R2,Vacant,0.0000
2026-03-19 16:28:37.632,9,R3,Vacant,0.0000
2026-03-19 16:28:37.735,0,L1,Vacant,0.0000
2026-03-19 16:28:37.735,1,L2,Vacant,0.0000
2026-03-19 16:28:37.735,2,L3,Vacant,0.1170
2026-03-19 16:28:37.735,3,L4,Vacant,0.0000
2026-03-19 16:28:37.735,4,C1,Vacant,0.0000
2026-03-19 16:28:37.735,5,C2,Vacant,0.0000
2026-03-19 16:28:37.735,6,C3,Vacant,0.0000
2026-03-19 16:28:37.735,7,R1,Vacant,0.0000
2026-03-19 16:28:37.735,8,R2,Vacant,0.0000
2026-03-19 16:28:37.735,9,R3,Vacant,0.0000
2026-03-19 16:28:37.836,0,L1,Vacant,0.0000
2026-03-19 16:28:37.836,1,L2,Vacant,0.0000
2026-03-19 16:28:37.836,2,L3,Vacant,0.0000
2026-03-19 16:28:37.836,3,L4,Vacant,0.0000
2026-03-19 16:28:37.836,4,C1,Vacant,0.0000
2026-03-19 16:28:37.836,5,C2,Vacant,0.0000
2026-03-19 16:28:37.836,6,C3,Vacant,0.0000
2026-03-19 16:28:37.836,7,R1,Vacant,0.0000
2026-03-19 16:28:37.836,8,R2,Vacant,0.0000
2026-03-19 16:28:37.836,9,R3,Vacant,0.0000
2026-03-19 16:28:37.942,0,L1,Vacant,0.0000
2026-03-19 16:28:37.942,1,L2,Vacant,0.0000
2026-03-19 16:28:37.942,2,L3,Vacant,0.0000
2026-03-19 16:28:37.942,3,L4,Vacant,0.0000
2026-03-19 16:28:37.942,4,C1,Vacant,0.0000
2026-03-19 16:28:37.942,5,C2,Vacant,0.0000
2026-03-19 16:28:37.942,6,C3,Vacant,0.0000
2026-03-19 16:28:37.942,7,R1,Vacant,0.0000
2026-03-19 16:28:37.942,8,R2,Vacant,0.0000
2026-03-19 16:28:37.942,9,R3,Vacant,0.0000
2026-03-19 16:28:38.035,0,L1,Vacant,0.0000
2026-03-19 16:28:38.035,1,L2,Vacant,0.0000
2026-03-19 16:28:38.035,2,L3,Vacant,0.0000
2026-03-19 16:28:38.035,3,L4,Vacant,0.0000
2026-03-19 16:28:38.035,4,C1,Vacant,0.0000
2026-03-19 16:28:38.035,5,C2,Vacant,0.0000
2026-03-19 16:28:38.035,6,C3,Vacant,0.0000
2026-03-19 16:28:38.035,7,R1,Vacant,0.0000
2026-03-19 16:28:38.035,8,R2,Vacant,0.0000
2026-03-19 16:28:38.035,9,R3,Vacant,0.0000
2026-03-19 16:28:38.123,0,L1,Vacant,0.0000
2026-03-19 16:28:38.123,1,L2,Vacant,0.0000
2026-03-19 16:28:38.123,2,L3,Vacant,0.0000
2026-03-19 16:28:38.123,3,L4,Vacant,0.0000
2026-03-19 16:28:38.123,4,C1,Vacant,0.0000
2026-03-19 16:28:38.123,5,C2,Vacant,0.0000
2026-03-19 16:28:38.123,6,C3,Vacant,0.0000
2026-03-19 16:28:38.123,7,R1,Vacant,0.0000
2026-03-19 16:28:38.123,8,R2,Vacant,0.0000
2026-03-19 16:28:38.123,9,R3,Vacant,0.0000
2026-03-19 16:28:38.204,0,L1,Vacant,0.0000
2026-03-19 16:28:38.204,1,L2,Vacant,0.0000
2026-03-19 16:28:38.204,2,L3,Vacant,0.0000
2026-03-19 16:28:38.204,3,L4,Vacant,0.0000
2026-03-19 16:28:38.204,4,C1,Vacant,0.0000
2026-03-19 16:28:38.204,5,C2,Vacant,0.0000
2026-03-19 16:28:38.204,6,C3,Vacant,0.0000
2026-03-19 16:28:38.204,7,R1,Vacant,0.0000
2026-03-19 16:28:38.204,8,R2,Vacant,0.0000
2026-03-19 16:28:38.204,9,R3,Vacant,0.0000
2026-03-19 16:28:38.287,0,L1,Vacant,0.0000
2026-03-19 16:28:38.287,1,L2,Vacant,0.0000
2026-03-19 16:28:38.287,2,L3,Vacant,0.0000
2026-03-19 16:28:38.287,3,L4,Vacant,0.0000
2026-03-19 16:28:38.287,4,C1,Vacant,0.0000
2026-03-19 16:28:38.287,5,C2,Vacant,0.0000
2026-03-19 16:28:38.287,6,C3,Vacant,0.0000
2026-03-19 16:28:38.287,7,R1,Vacant,0.0000
2026-03-19 16:28:38.287,8,R2,Vacant,0.0000
2026-03-19 16:28:38.287,9,R3,Vacant,0.0000
2026-03-19 16:28:38.367,0,L1,Vacant,0.0000
2026-03-19 16:28:38.367,1,L2,Vacant,0.0000
2026-03-19 16:28:38.367,2,L3,Vacant,0.0000
2026-03-19 16:28:38.367,3,L4,Vacant,0.0000
2026-03-19 16:28:38.367,4,C1,Vacant,0.0000
2026-03-19 16:28:38.367,5,C2,Vacant,0.0000
2026-03-19 16:28:38.367,6,C3,Vacant,0.0000
2026-03-19 16:28:38.367,7,R1,Vacant,0.0000
2026-03-19 16:28:38.367,8,R2,Vacant,0.0000
2026-03-19 16:28:38.367,9,R3,Vacant,0.0000
2026-03-19 16:28:38.453,0,L1,Vacant,0.0000
2026-03-19 16:28:38.453,1,L2,Vacant,0.0000
2026-03-19 16:28:38.453,2,L3,Vacant,0.0000
2026-03-19 16:28:38.453,3,L4,Vacant,0.0000
2026-03-19 16:28:38.453,4,C1,Vacant,0.0000
2026-03-19 16:28:38.453,5,C2,Vacant,0.0000
2026-03-19 16:28:38.453,6,C3,Vacant,0.0000
2026-03-19 16:28:38.453,7,R1,Vacant,0.0000
2026-03-19 16:28:38.453,8,R2,Vacant,0.1217
2026-03-19 16:28:38.453,9,R3,Vacant,0.0000
2026-03-19 16:28:38.540,0,L1,Vacant,0.0000
2026-03-19 16:28:38.540,1,L2,Vacant,0.0000
2026-03-19 16:28:38.540,2,L3,Vacant,0.0000
2026-03-19 16:28:38.540,3,L4,Vacant,0.0000
2026-03-19 16:28:38.540,4,C1,Vacant,0.0000
2026-03-19 16:28:38.540,5,C2,Vacant,0.0000
2026-03-19 16:28:38.540,6,C3,Vacant,0.0000
2026-03-19 16:28:38.540,7,R1,Vacant,0.0000
2026-03-19 16:28:38.540,8,R2,Vacant,0.0000
2026-03-19 16:28:38.540,9,R3,Vacant,0.0000
2026-03-19 16:28:38.623,0,L1,Vacant,0.0000
2026-03-19 16:28:38.623,1,L2,Vacant,0.0000
2026-03-19 16:28:38.623,2,L3,Vacant,0.0000
2026-03-19 16:28:38.623,3,L4,Vacant,0.0000
2026-03-19 16:28:38.623,4,C1,Vacant,0.0000
2026-03-19 16:28:38.623,5,C2,Vacant,0.0000
2026-03-19 16:28:38.623,6,C3,Vacant,0.0000
2026-03-19 16:28:38.623,7,R1,Vacant,0.0000
2026-03-19 16:28:38.623,8,R2,Vacant,0.0000
2026-03-19 16:28:38.623,9,R3,Vacant,0.0000
2026-03-19 16:28:38.706,0,L1,Vacant,0.0000
2026-03-19 16:28:38.706,1,L2,Vacant,0.0000
2026-03-19 16:28:38.706,2,L3,Vacant,0.0000
2026-03-19 16:28:38.706,3,L4,Vacant,0.0000
2026-03-19 16:28:38.706,4,C1,Vacant,0.0000
2026-03-19 16:28:38.706,5,C2,Vacant,0.0000
2026-03-19 16:28:38.706,6,C3,Vacant,0.0000
2026-03-19 16:28:38.706,7,R1,Vacant,0.0000
2026-03-19 16:28:38.706,8,R2,Vacant,0.0000
2026-03-19 16:28:38.706,9,R3,Vacant,0.0000
2026-03-19 16:28:38.794,0,L1,Vacant,0.0000
2026-03-19 16:28:38.794,1,L2,Vacant,0.0000
2026-03-19 16:28:38.794,2,L3,Vacant,0.0000
2026-03-19 16:28:38.794,3,L4,Vacant,0.0000
2026-03-19 16:28:38.794,4,C1,Vacant,0.0000
2026-03-19 16:28:38.794,5,C2,Vacant,0.0000
2026-03-19 16:28:38.794,6,C3,Vacant,0.0000
2026-03-19 16:28:38.794,7,R1,Vacant,0.0000
2026-03-19 16:28:38.794,8,R2,Vacant,0.0000
2026-03-19 16:28:38.794,9,R3,Vacant,0.0000
2026-03-19 16:28:38.880,0,L1,Vacant,0.0000
2026-03-19 16:28:38.880,1,L2,Vacant,0.0000
2026-03-19 16:28:38.880,2,L3,Vacant,0.0000
2026-03-19 16:28:38.880,3,L4,Vacant,0.0000
2026-03-19 16:28:38.880,4,C1,Vacant,0.0000
2026-03-19 16:28:38.880,5,C2,Vacant,0.0000
2026-03-19 16:28:38.880,6,C3,Vacant,0.0000
2026-03-19 16:28:38.880,7,R1,Vacant,0.0000
2026-03-19 16:28:38.880,8,R2,Vacant,0.0000
2026-03-19 16:28:38.880,9,R3,Vacant,0.0000
2026-03-19 16:28:38.971,0,L1,Vacant,0.0000
2026-03-19 16:28:38.971,1,L2,Vacant,0.0000
2026-03-19 16:28:38.971,2,L3,Vacant,0.0000
2026-03-19 16:28:38.971,3,L4,Vacant,0.0000
2026-03-19 16:28:38.971,4,C1,Vacant,0.0000
2026-03-19 16:28:38.971,5,C2,Vacant,0.0000
2026-03-19 16:28:38.971,6,C3,Vacant,0.0000
2026-03-19 16:28:38.971,7,R1,Vacant,0.0000
2026-03-19 16:28:38.971,8,R2,Vacant,0.0000
2026-03-19 16:28:38.971,9,R3,Vacant,0.0000
2026-03-19 16:28:39.062,0,L1,Vacant,0.0000
2026-03-19 16:28:39.062,1,L2,Vacant,0.0000
2026-03-19 16:28:39.062,2,L3,Vacant,0.0000
2026-03-19 16:28:39.062,3,L4,Vacant,0.0000
2026-03-19 16:28:39.062,4,C1,Vacant,0.0000
2026-03-19 16:28:39.062,5,C2,Vacant,0.0000
2026-03-19 16:28:39.062,6,C3,Vacant,0.0000
2026-03-19 16:28:39.062,7,R1,Vacant,0.0000
2026-03-19 16:28:39.062,8,R2,Vacant,0.0000
2026-03-19 16:28:39.062,9,R3,Vacant,0.0000
2026-03-19 16:28:39.148,0,L1,Vacant,0.0000
2026-03-19 16:28:39.148,1,L2,Vacant,0.0000
2026-03-19 16:28:39.148,2,L3,Vacant,0.0000
2026-03-19 16:28:39.148,3,L4,Vacant,0.0000
2026-03-19 16:28:39.148,4,C1,Vacant,0.0000
2026-03-19 16:28:39.148,5,C2,Vacant,0.0000
2026-03-19 16:28:39.148,6,C3,Vacant,0.0000
2026-03-19 16:28:39.148,7,R1,Vacant,0.0000
2026-03-19 16:28:39.148,8,R2,Vacant,0.0000
2026-03-19 16:28:39.148,9,R3,Vacant,0.0000
2026-03-19 16:28:39.232,0,L1,Vacant,0.0000
2026-03-19 16:28:39.232,1,L2,Vacant,0.0000
2026-03-19 16:28:39.232,2,L3,Vacant,0.0000
2026-03-19 16:28:39.232,3,L4,Vacant,0.0000
2026-03-19 16:28:39.232,4,C1,Vacant,0.0000
2026-03-19 16:28:39.232,5,C2,Vacant,0.0000
2026-03-19 16:28:39.232,6,C3,Vacant,0.0000
2026-03-19 16:28:39.232,7,R1,Vacant,0.0000
2026-03-19 16:28:39.232,8,R2,Vacant,0.0000
2026-03-19 16:28:39.232,9,R3,Vacant,0.0000
2026-03-19 16:28:39.317,0,L1,Vacant,0.0000
2026-03-19 16:28:39.317,1,L2,Vacant,0.0000
2026-03-19 16:28:39.317,2,L3,Vacant,0.0000
2026-03-19 16:28:39.317,3,L4,Vacant,0.0000
2026-03-19 16:28:39.317,4,C1,Vacant,0.0000
2026-03-19 16:28:39.317,5,C2,Vacant,0.0000
2026-03-19 16:28:39.317,6,C3,Vacant,0.0000
2026-03-19 16:28:39.317,7,R1,Vacant,0.0000
2026-03-19 16:28:39.317,8,R2,Vacant,0.0000
2026-03-19 16:28:39.317,9,R3,Vacant,0.0000
2026-03-19 16:28:39.403,0,L1,Vacant,0.0000
2026-03-19 16:28:39.403,1,L2,Vacant,0.0000
2026-03-19 16:28:39.403,2,L3,Vacant,0.0000
2026-03-19 16:28:39.403,3,L4,Vacant,0.0000
2026-03-19 16:28:39.403,4,C1,Vacant,0.0000
2026-03-19 16:28:39.403,5,C2,Vacant,0.0000
2026-03-19 16:28:39.403,6,C3,Vacant,0.0000
2026-03-19 16:28:39.403,7,R1,Vacant,0.0000
2026-03-19 16:28:39.403,8,R2,Vacant,0.0000
2026-03-19 16:28:39.403,9,R3,Vacant,0.0000
2026-03-19 16:28:39.485,0,L1,Vacant,0.1633
2026-03-19 16:28:39.485,1,L2,Vacant,0.0000
2026-03-19 16:28:39.485,2,L3,Vacant,0.0000
2026-03-19 16:28:39.485,3,L4,Vacant,0.0000
2026-03-19 16:28:39.485,4,C1,Vacant,0.0000
2026-03-19 16:28:39.485,5,C2,Vacant,0.0000
2026-03-19 16:28:39.485,6,C3,Vacant,0.0000
2026-03-19 16:28:39.485,7,R1,Vacant,0.0000
2026-03-19 16:28:39.485,8,R2,Vacant,0.0000
2026-03-19 16:28:39.485,9,R3,Vacant,0.0000
2026-03-19 16:28:39.570,0,L1,Vacant,0.0000
2026-03-19 16:28:39.570,1,L2,Vacant,0.0000
2026-03-19 16:28:39.570,2,L3,Vacant,0.0000
2026-03-19 16:28:39.570,3,L4,Vacant,0.0000
2026-03-19 16:28:39.570,4,C1,Vacant,0.0000
2026-03-19 16:28:39.570,5,C2,Vacant,0.0000
2026-03-19 16:28:39.570,6,C3,Vacant,0.0000
2026-03-19 16:28:39.570,7,R1,Vacant,0.0000
2026-03-19 16:28:39.570,8,R2,Vacant,0.0000
2026-03-19 16:28:39.570,9,R3,Vacant,0.0000
2026-03-19 16:28:39.655,0,L1,Vacant,0.0000
2026-03-19 16:28:39.655,1,L2,Vacant,0.0000
2026-03-19 16:28:39.655,2,L3,Vacant,0.0000
2026-03-19 16:28:39.655,3,L4,Vacant,0.0000
2026-03-19 16:28:39.655,4,C1,Vacant,0.0000
2026-03-19 16:28:39.655,5,C2,Vacant,0.0000
2026-03-19 16:28:39.655,6,C3,Vacant,0.0000
2026-03-19 16:28:39.655,7,R1,Vacant,0.0000
2026-03-19 16:28:39.655,8,R2,Vacant,0.0000
2026-03-19 16:28:39.655,9,R3,Vacant,0.0000
2026-03-19 16:28:39.738,0,L1,Vacant,0.0000
2026-03-19 16:28:39.738,1,L2,Vacant,0.0000
2026-03-19 16:28:39.738,2,L3,Vacant,0.0000
2026-03-19 16:28:39.738,3,L4,Vacant,0.0000
2026-03-19 16:28:39.738,4,C1,Vacant,0.0000
2026-03-19 16:28:39.738,5,C2,Vacant,0.0000
2026-03-19 16:28:39.738,6,C3,Vacant,0.0000
2026-03-19 16:28:39.738,7,R1,Vacant,0.0000
2026-03-19 16:28:39.738,8,R2,Vacant,0.0000
2026-03-19 16:28:39.738,9,R3,Vacant,0.0000
2026-03-19 16:28:39.825,0,L1,Vacant,0.0000
2026-03-19 16:28:39.825,1,L2,Vacant,0.0000
2026-03-19 16:28:39.825,2,L3,Vacant,0.0000
2026-03-19 16:28:39.825,3,L4,Vacant,0.0000
2026-03-19 16:28:39.825,4,C1,Vacant,0.0000
2026-03-19 16:28:39.825,5,C2,Vacant,0.0000
2026-03-19 16:28:39.825,6,C3,Vacant,0.0000
2026-03-19 16:28:39.825,7,R1,Vacant,0.0000
2026-03-19 16:28:39.825,8,R2,Vacant,0.0000
2026-03-19 16:28:39.825,9,R3,Vacant,0.0000
2026-03-19 16:28:39.912,0,L1,Vacant,0.0000
2026-03-19 16:28:39.912,1,L2,Vacant,0.0000
2026-03-19 16:28:39.912,2,L3,Vacant,0.0000
2026-03-19 16:28:39.912,3,L4,Vacant,0.0000
2026-03-19 16:28:39.912,4,C1,Vacant,0.0000
2026-03-19 16:28:39.912,5,C2,Vacant,0.0000
2026-03-19 16:28:39.912,6,C3,Vacant,0.0000
2026-03-19 16:28:39.912,7,R1,Vacant,0.0000
2026-03-19 16:28:39.912,8,R2,Vacant,0.0000
2026-03-19 16:28:39.912,9,R3,Vacant,0.0000
2026-03-19 16:28:40.010,0,L1,Vacant,0.0000
2026-03-19 16:28:40.010,1,L2,Vacant,0.0000
2026-03-19 16:28:40.010,2,L3,Vacant,0.0000
2026-03-19 16:28:40.010,3,L4,Vacant,0.0000
2026-03-19 16:28:40.010,4,C1,Vacant,0.0000
2026-03-19 16:28:40.010,5,C2,Vacant,0.0000
2026-03-19 16:28:40.010,6,C3,Vacant,0.0000
2026-03-19 16:28:40.010,7,R1,Vacant,0.0000
2026-03-19 16:28:40.010,8,R2,Vacant,0.0000
2026-03-19 16:28:40.010,9,R3,Vacant,0.0000
2026-03-19 16:28:40.096,0,L1,Vacant,0.0000
2026-03-19 16:28:40.096,1,L2,Vacant,0.0000
2026-03-19 16:28:40.096,2,L3,Vacant,0.0000
2026-03-19 16:28:40.096,3,L4,Vacant,0.0000
2026-03-19 16:28:40.096,4,C1,Vacant,0.0000
2026-03-19 16:28:40.096,5,C2,Vacant,0.0000
2026-03-19 16:28:40.096,6,C3,Vacant,0.0000
2026-03-19 16:28:40.096,7,R1,Vacant,0.0000
2026-03-19 16:28:40.096,8,R2,Vacant,0.0000
2026-03-19 16:28:40.096,9,R3,Vacant,0.0000
2026-03-19 16:28:40.181,0,L1,Vacant,0.0000
2026-03-19 16:28:40.181,1,L2,Vacant,0.0000
2026-03-19 16:28:40.181,2,L3,Vacant,0.0000
2026-03-19 16:28:40.181,3,L4,Vacant,0.0000
2026-03-19 16:28:40.181,4,C1,Vacant,0.0000
2026-03-19 16:28:40.181,5,C2,Vacant,0.0000
2026-03-19 16:28:40.181,6,C3,Vacant,0.0000
2026-03-19 16:28:40.181,7,R1,Vacant,0.0000
2026-03-19 16:28:40.181,8,R2,Vacant,0.0000
2026-03-19 16:28:40.181,9,R3,Vacant,0.0000
2026-03-19 16:28:40.268,0,L1,Vacant,0.0000
2026-03-19 16:28:40.268,1,L2,Vacant,0.0000
2026-03-19 16:28:40.268,2,L3,Vacant,0.0000
2026-03-19 16:28:40.268,3,L4,Vacant,0.0000
2026-03-19 16:28:40.268,4,C1,Vacant,0.0000
2026-03-19 16:28:40.268,5,C2,Vacant,0.0000
2026-03-19 16:28:40.268,6,C3,Vacant,0.0000
2026-03-19 16:28:40.268,7,R1,Vacant,0.0000
2026-03-19 16:28:40.268,8,R2,Vacant,0.0000
2026-03-19 16:28:40.268,9,R3,Vacant,0.0000
2026-03-19 16:28:40.353,0,L1,Vacant,0.0000
2026-03-19 16:28:40.353,1,L2,Vacant,0.0000
2026-03-19 16:28:40.353,2,L3,Vacant,0.1611
2026-03-19 16:28:40.353,3,L4,Vacant,0.0000
2026-03-19 16:28:40.353,4,C1,Vacant,0.0000
2026-03-19 16:28:40.353,5,C2,Vacant,0.0000
2026-03-19 16:28:40.353,6,C3,Vacant,0.0000
2026-03-19 16:28:40.353,7,R1,Vacant,0.0000
2026-03-19 16:28:40.353,8,R2,Vacant,0.0000
2026-03-19 16:28:40.353,9,R3,Vacant,0.0000
2026-03-19 16:28:40.438,0,L1,Vacant,0.0000
2026-03-19 16:28:40.438,1,L2,Vacant,0.0000
2026-03-19 16:28:40.438,2,L3,Vacant,0.0000
2026-03-19 16:28:40.438,3,L4,Vacant,0.0000
2026-03-19 16:28:40.438,4,C1,Vacant,0.0000
2026-03-19 16:28:40.438,5,C2,Vacant,0.0000
2026-03-19 16:28:40.438,6,C3,Vacant,0.0000
2026-03-19 16:28:40.438,7,R1,Vacant,0.0000
2026-03-19 16:28:40.438,8,R2,Vacant,0.0000
2026-03-19 16:28:40.438,9,R3,Vacant,0.0000
2026-03-19 16:28:40.517,0,L1,Vacant,0.0000
2026-03-19 16:28:40.517,1,L2,Vacant,0.0000
2026-03-19 16:28:40.517,2,L3,Vacant,0.0000
2026-03-19 16:28:40.517,3,L4,Vacant,0.0000
2026-03-19 16:28:40.517,4,C1,Vacant,0.0000
2026-03-19 16:28:40.517,5,C2,Vacant,0.0000
2026-03-19 16:28:40.517,6,C3,Vacant,0.0000
2026-03-19 16:28:40.517,7,R1,Vacant,0.0000
2026-03-19 16:28:40.517,8,R2,Vacant,0.0000
2026-03-19 16:28:40.517,9,R3,Vacant,0.0000
2026-03-19 16:28:40.595,0,L1,Vacant,0.0000
2026-03-19 16:28:40.595,1,L2,Vacant,0.0000
2026-03-19 16:28:40.595,2,L3,Vacant,0.0000
2026-03-19 16:28:40.595,3,L4,Vacant,0.0000
2026-03-19 16:28:40.595,4,C1,Vacant,0.0000
2026-03-19 16:28:40.595,5,C2,Vacant,0.0000
2026-03-19 16:28:40.595,6,C3,Vacant,0.0000
2026-03-19 16:28:40.595,7,R1,Vacant,0.0000
2026-03-19 16:28:40.595,8,R2,Vacant,0.0000
2026-03-19 16:28:40.595,9,R3,Vacant,0.0000
2026-03-19 16:28:40.679,0,L1,Vacant,0.0000
2026-03-19 16:28:40.679,1,L2,Vacant,0.0000
2026-03-19 16:28:40.679,2,L3,Vacant,0.0000
2026-03-19 16:28:40.679,3,L4,Vacant,0.0000
2026-03-19 16:28:40.679,4,C1,Vacant,0.0000
2026-03-19 16:28:40.679,5,C2,Vacant,0.0000
2026-03-19 16:28:40.679,6,C3,Vacant,0.0000
2026-03-19 16:28:40.679,7,R1,Vacant,0.0000
2026-03-19 16:28:40.679,8,R2,Vacant,0.0000
2026-03-19 16:28:40.679,9,R3,Vacant,0.0000
2026-03-19 16:28:40.756,0,L1,Vacant,0.0000
2026-03-19 16:28:40.756,1,L2,Vacant,0.0000
2026-03-19 16:28:40.756,2,L3,Vacant,0.0000
2026-03-19 16:28:40.756,3,L4,Vacant,0.0000
2026-03-19 16:28:40.756,4,C1,Vacant,0.0000
2026-03-19 16:28:40.756,5,C2,Vacant,0.0000
2026-03-19 16:28:40.756,6,C3,Vacant,0.0000
2026-03-19 16:28:40.756,7,R1,Vacant,0.0000
2026-03-19 16:28:40.756,8,R2,Vacant,0.0000
2026-03-19 16:28:40.756,9,R3,Vacant,0.0000
2026-03-19 16:28:40.838,0,L1,Vacant,0.0000
2026-03-19 16:28:40.838,1,L2,Vacant,0.0000
2026-03-19 16:28:40.838,2,L3,Vacant,0.0000
2026-03-19 16:28:40.838,3,L4,Vacant,0.0000
2026-03-19 16:28:40.838,4,C1,Vacant,0.0000
2026-03-19 16:28:40.838,5,C2,Vacant,0.0000
2026-03-19 16:28:40.838,6,C3,Vacant,0.0000
2026-03-19 16:28:40.838,7,R1,Vacant,0.0000
2026-03-19 16:28:40.838,8,R2,Vacant,0.0000
2026-03-19 16:28:40.838,9,R3,Vacant,0.0000
2026-03-19 16:28:40.949,0,L1,Vacant,0.0000
2026-03-19 16:28:40.949,1,L2,Vacant,0.0000
2026-03-19 16:28:40.949,2,L3,Vacant,0.0000
2026-03-19 16:28:40.949,3,L4,Vacant,0.0000
2026-03-19 16:28:40.949,4,C1,Vacant,0.0000
2026-03-19 16:28:40.949,5,C2,Vacant,0.0000
2026-03-19 16:28:40.949,6,C3,Vacant,0.0000
2026-03-19 16:28:40.949,7,R1,Vacant,0.0000
2026-03-19 16:28:40.949,8,R2,Vacant,0.0000
2026-03-19 16:28:40.949,9,R3,Vacant,0.0000
2026-03-19 16:28:41.073,0,L1,Vacant,0.0000
2026-03-19 16:28:41.073,1,L2,Vacant,0.0000
2026-03-19 16:28:41.073,2,L3,Vacant,0.0000
2026-03-19 16:28:41.073,3,L4,Vacant,0.0000
2026-03-19 16:28:41.073,4,C1,Vacant,0.0000
2026-03-19 16:28:41.073,5,C2,Vacant,0.0000
2026-03-19 16:28:41.073,6,C3,Vacant,0.0000
2026-03-19 16:28:41.073,7,R1,Vacant,0.0000
2026-03-19 16:28:41.073,8,R2,Vacant,0.0000
2026-03-19 16:28:41.073,9,R3,Vacant,0.0000
2026-03-19 16:28:41.184,0,L1,Vacant,0.0000
2026-03-19 16:28:41.184,1,L2,Vacant,0.0000
2026-03-19 16:28:41.184,2,L3,Vacant,0.0000
2026-03-19 16:28:41.184,3,L4,Vacant,0.0000
2026-03-19 16:28:41.184,4,C1,Vacant,0.0000
2026-03-19 16:28:41.184,5,C2,Vacant,0.0000
2026-03-19 16:28:41.184,6,C3,Vacant,0.0000
2026-03-19 16:28:41.184,7,R1,Vacant,0.0000
2026-03-19 16:28:41.184,8,R2,Vacant,0.0000
2026-03-19 16:28:41.184,9,R3,Vacant,0.0000
2026-03-19 16:28:41.297,0,L1,Vacant,0.0000
2026-03-19 16:28:41.297,1,L2,Vacant,0.0000
2026-03-19 16:28:41.297,2,L3,Vacant,0.0000
2026-03-19 16:28:41.297,3,L4,Vacant,0.0000
2026-03-19 16:28:41.297,4,C1,Vacant,0.0000
2026-03-19 16:28:41.297,5,C2,Vacant,0.0000
2026-03-19 16:28:41.297,6,C3,Vacant,0.0000
2026-03-19 16:28:41.297,7,R1,Vacant,0.0000
2026-03-19 16:28:41.297,8,R2,Vacant,0.0000
2026-03-19 16:28:41.297,9,R3,Vacant,0.0000
2026-03-19 16:28:41.412,0,L1,Vacant,0.0000
2026-03-19 16:28:41.412,1,L2,Vacant,0.0000
2026-03-19 16:28:41.412,2,L3,Vacant,0.0000
2026-03-19 16:28:41.412,3,L4,Vacant,0.0000
2026-03-19 16:28:41.412,4,C1,Vacant,0.0000
2026-03-19 16:28:41.412,5,C2,Vacant,0.0000
2026-03-19 16:28:41.412,6,C3,Vacant,0.0000
2026-03-19 16:28:41.412,7,R1,Vacant,0.0000
2026-03-19 16:28:41.412,8,R2,Vacant,0.0000
2026-03-19 16:28:41.412,9,R3,Vacant,0.0000
2026-03-19 16:28:41.531,0,L1,Vacant,0.0000
2026-03-19 16:28:41.531,1,L2,Vacant,0.0000
2026-03-19 16:28:41.531,2,L3,Vacant,0.0000
2026-03-19 16:28:41.531,3,L4,Vacant,0.0000
2026-03-19 16:28:41.531,4,C1,Vacant,0.0000
2026-03-19 16:28:41.531,5,C2,Vacant,0.0000
2026-03-19 16:28:41.531,6,C3,Vacant,0.0000
2026-03-19 16:28:41.531,7,R1,Vacant,0.0000
2026-03-19 16:28:41.531,8,R2,Vacant,0.0000
2026-03-19 16:28:41.531,9,R3,Vacant,0.0000
2026-03-19 16:28:41.670,0,L1,Vacant,0.0000
2026-03-19 16:28:41.670,1,L2,Vacant,0.0000
2026-03-19 16:28:41.670,2,L3,Vacant,0.0000
2026-03-19 16:28:41.670,3,L4,Vacant,0.0000
2026-03-19 16:28:41.670,4,C1,Vacant,0.0000
2026-03-19 16:28:41.670,5,C2,Vacant,0.0000
2026-03-19 16:28:41.670,6,C3,Vacant,0.0000
2026-03-19 16:28:41.670,7,R1,Vacant,0.0000
2026-03-19 16:28:41.670,8,R2,Vacant,0.0000
2026-03-19 16:28:41.670,9,R3,Vacant,0.0000
2026-03-19 16:28:41.799,0,L1,Vacant,0.0000
2026-03-19 16:28:41.799,1,L2,Vacant,0.0000
2026-03-19 16:28:41.799,2,L3,Vacant,0.0000
2026-03-19 16:28:41.799,3,L4,Vacant,0.0000
2026-03-19 16:28:41.799,4,C1,Vacant,0.0000
2026-03-19 16:28:41.799,5,C2,Vacant,0.0000
2026-03-19 16:28:41.799,6,C3,Vacant,0.0000
2026-03-19 16:28:41.799,7,R1,Vacant,0.0000
2026-03-19 16:28:41.799,8,R2,Vacant,0.0000
2026-03-19 16:28:41.799,9,R3,Vacant,0.0000
2026-03-19 16:28:41.913,0,L1,Vacant,0.0000
2026-03-19 16:28:41.913,1,L2,Vacant,0.0000
2026-03-19 16:28:41.913,2,L3,Vacant,0.0000
2026-03-19 16:28:41.913,3,L4,Vacant,0.0000
2026-03-19 16:28:41.913,4,C1,Vacant,0.0000
2026-03-19 16:28:41.913,5,C2,Vacant,0.0000
2026-03-19 16:28:41.913,6,C3,Vacant,0.0000
2026-03-19 16:28:41.913,7,R1,Vacant,0.0000
2026-03-19 16:28:41.913,8,R2,Vacant,0.0000
2026-03-19 16:28:41.913,9,R3,Vacant,0.0000
2026-03-19 16:28:42.030,0,L1,Vacant,0.0000
2026-03-19 16:28:42.030,1,L2,Vacant,0.0000
2026-03-19 16:28:42.030,2,L3,Vacant,0.0000
2026-03-19 16:28:42.030,3,L4,Vacant,0.0000
2026-03-19 16:28:42.030,4,C1,Vacant,0.0000
2026-03-19 16:28:42.030,5,C2,Vacant,0.0000
2026-03-19 16:28:42.030,6,C3,Vacant,0.0000
2026-03-19 16:28:42.030,7,R1,Vacant,0.0000
2026-03-19 16:28:42.030,8,R2,Vacant,0.0000
2026-03-19 16:28:42.030,9,R3,Vacant,0.0000
2026-03-19 16:28:42.159,0,L1,Vacant,0.0000
2026-03-19 16:28:42.159,1,L2,Vacant,0.0000
2026-03-19 16:28:42.159,2,L3,Vacant,0.0000
2026-03-19 16:28:42.159,3,L4,Vacant,0.0000
2026-03-19 16:28:42.159,4,C1,Vacant,0.0000
2026-03-19 16:28:42.159,5,C2,Vacant,0.0000
2026-03-19 16:28:42.159,6,C3,Vacant,0.0000
2026-03-19 16:28:42.159,7,R1,Vacant,0.0000
2026-03-19 16:28:42.159,8,R2,Vacant,0.0000
2026-03-19 16:28:42.159,9,R3,Vacant,0.0000
2026-03-19 16:28:42.275,0,L1,Vacant,0.0000
2026-03-19 16:28:42.275,1,L2,Vacant,0.0000
2026-03-19 16:28:42.275,2,L3,Vacant,0.0000
2026-03-19 16:28:42.275,3,L4,Vacant,0.0000
2026-03-19 16:28:42.275,4,C1,Vacant,0.0000
2026-03-19 16:28:42.275,5,C2,Vacant,0.0000
2026-03-19 16:28:42.275,6,C3,Vacant,0.0000
2026-03-19 16:28:42.275,7,R1,Vacant,0.0000
2026-03-19 16:28:42.275,8,R2,Vacant,0.0000
2026-03-19 16:28:42.275,9,R3,Vacant,0.0000
2026-03-19 16:28:42.393,0,L1,Vacant,0.0000
2026-03-19 16:28:42.393,1,L2,Vacant,0.0000
2026-03-19 16:28:42.393,2,L3,Vacant,0.0000
2026-03-19 16:28:42.393,3,L4,Vacant,0.0000
2026-03-19 16:28:42.393,4,C1,Vacant,0.0000
2026-03-19 16:28:42.393,5,C2,Vacant,0.0000
2026-03-19 16:28:42.393,6,C3,Vacant,0.0000
2026-03-19 16:28:42.393,7,R1,Vacant,0.0000
2026-03-19 16:28:42.393,8,R2,Vacant,0.0000
2026-03-19 16:28:42.393,9,R3,Vacant,0.0000
2026-03-19 16:28:42.511,0,L1,Vacant,0.0000
2026-03-19 16:28:42.511,1,L2,Vacant,0.0000
2026-03-19 16:28:42.511,2,L3,Vacant,0.0000
2026-03-19 16:28:42.511,3,L4,Vacant,0.0000
2026-03-19 16:28:42.511,4,C1,Vacant,0.0000
2026-03-19 16:28:42.511,5,C2,Vacant,0.0000
2026-03-19 16:28:42.511,6,C3,Vacant,0.0000
2026-03-19 16:28:42.511,7,R1,Vacant,0.0000
2026-03-19 16:28:42.511,8,R2,Vacant,0.0000
2026-03-19 16:28:42.511,9,R3,Vacant,0.0000
2026-03-19 16:28:42.635,0,L1,Vacant,0.0000
2026-03-19 16:28:42.635,1,L2,Vacant,0.0000
2026-03-19 16:28:42.635,2,L3,Vacant,0.0000
2026-03-19 16:28:42.635,3,L4,Vacant,0.0000
2026-03-19 16:28:42.635,4,C1,Vacant,0.0000
2026-03-19 16:28:42.635,5,C2,Vacant,0.0000
2026-03-19 16:28:42.635,6,C3,Vacant,0.0000
2026-03-19 16:28:42.635,7,R1,Vacant,0.0000
2026-03-19 16:28:42.635,8,R2,Vacant,0.0000
2026-03-19 16:28:42.635,9,R3,Vacant,0.0000
2026-03-19 16:28:42.767,0,L1,Vacant,0.0000
2026-03-19 16:28:42.767,1,L2,Vacant,0.0000
2026-03-19 16:28:42.767,2,L3,Vacant,0.0000
2026-03-19 16:28:42.767,3,L4,Vacant,0.0000
2026-03-19 16:28:42.767,4,C1,Vacant,0.0000
2026-03-19 16:28:42.767,5,C2,Vacant,0.0000
2026-03-19 16:28:42.767,6,C3,Vacant,0.0000
2026-03-19 16:28:42.767,7,R1,Vacant,0.0000
2026-03-19 16:28:42.767,8,R2,Vacant,0.0000
2026-03-19 16:28:42.767,9,R3,Vacant,0.0000
2026-03-19 16:28:42.893,0,L1,Vacant,0.0000
2026-03-19 16:28:42.893,1,L2,Vacant,0.0000
2026-03-19 16:28:42.893,2,L3,Vacant,0.0000
2026-03-19 16:28:42.893,3,L4,Vacant,0.0000
2026-03-19 16:28:42.893,4,C1,Vacant,0.0000
2026-03-19 16:28:42.893,5,C2,Vacant,0.0000
2026-03-19 16:28:42.893,6,C3,Vacant,0.0000
2026-03-19 16:28:42.893,7,R1,Vacant,0.0000
2026-03-19 16:28:42.893,8,R2,Vacant,0.0000
2026-03-19 16:28:42.893,9,R3,Vacant,0.0000
2026-03-19 16:28:43.018,0,L1,Vacant,0.0000
2026-03-19 16:28:43.018,1,L2,Vacant,0.0000
2026-03-19 16:28:43.018,2,L3,Vacant,0.0000
2026-03-19 16:28:43.018,3,L4,Vacant,0.0000
2026-03-19 16:28:43.018,4,C1,Vacant,0.0000
2026-03-19 16:28:43.018,5,C2,Vacant,0.0000
2026-03-19 16:28:43.018,6,C3,Vacant,0.0000
2026-03-19 16:28:43.018,7,R1,Vacant,0.0000
2026-03-19 16:28:43.018,8,R2,Vacant,0.0000
2026-03-19 16:28:43.018,9,R3,Vacant,0.0000
2026-03-19 16:28:43.138,0,L1,Vacant,0.0000
2026-03-19 16:28:43.138,1,L2,Vacant,0.0000
2026-03-19 16:28:43.138,2,L3,Vacant,0.0000
2026-03-19 16:28:43.138,3,L4,Vacant,0.0000
2026-03-19 16:28:43.138,4,C1,Vacant,0.0000
2026-03-19 16:28:43.138,5,C2,Vacant,0.0000
2026-03-19 16:28:43.138,6,C3,Vacant,0.0000
2026-03-19 16:28:43.138,7,R1,Vacant,0.0000
2026-03-19 16:28:43.138,8,R2,Vacant,0.0000
2026-03-19 16:28:43.138,9,R3,Vacant,0.0000
2026-03-19 16:28:43.275,0,L1,Vacant,0.0000
2026-03-19 16:28:43.275,1,L2,Vacant,0.0000
2026-03-19 16:28:43.275,2,L3,Vacant,0.0000
2026-03-19 16:28:43.275,3,L4,Vacant,0.0000
2026-03-19 16:28:43.275,4,C1,Vacant,0.0000
2026-03-19 16:28:43.275,5,C2,Vacant,0.0000
2026-03-19 16:28:43.275,6,C3,Vacant,0.0000
2026-03-19 16:28:43.275,7,R1,Vacant,0.0000
2026-03-19 16:28:43.275,8,R2,Vacant,0.0000
2026-03-19 16:28:43.275,9,R3,Vacant,0.0000
2026-03-19 16:41:28.640,0,L1,Vacant,0.0000
2026-03-19 16:41:28.640,1,L2,Vacant,0.0000
2026-03-19 16:41:28.640,2,L3,Vacant,0.0000
2026-03-19 16:41:28.640,3,L4,Vacant,0.0000
2026-03-19 16:41:28.640,4,C1,Vacant,0.0000
2026-03-19 16:41:28.640,5,C2,Vacant,0.0000
2026-03-19 16:41:28.640,6,C3,Vacant,0.0000
2026-03-19 16:41:28.640,7,R1,Vacant,0.0000
2026-03-19 16:41:28.640,8,R2,Vacant,0.0000
2026-03-19 16:41:28.640,9,R3,Vacant,0.0000
2026-03-19 16:41:28.739,0,L1,Vacant,0.0000
2026-03-19 16:41:28.739,1,L2,Vacant,0.0000
2026-03-19 16:41:28.739,2,L3,Vacant,0.0000
2026-03-19 16:41:28.739,3,L4,Vacant,0.0000
2026-03-19 16:41:28.739,4,C1,Vacant,0.0000
2026-03-19 16:41:28.739,5,C2,Vacant,0.0000
2026-03-19 16:41:28.739,6,C3,Vacant,0.0000
2026-03-19 16:41:28.739,7,R1,Vacant,0.0000
2026-03-19 16:41:28.739,8,R2,Vacant,0.0000
2026-03-19 16:41:28.739,9,R3,Vacant,0.0000
2026-03-19 16:41:28.836,0,L1,Vacant,0.0000
2026-03-19 16:41:28.836,1,L2,Vacant,0.0000
2026-03-19 16:41:28.836,2,L3,Vacant,0.0000
2026-03-19 16:41:28.836,3,L4,Vacant,0.0000
2026-03-19 16:41:28.836,4,C1,Vacant,0.0000
2026-03-19 16:41:28.836,5,C2,Vacant,0.0000
2026-03-19 16:41:28.836,6,C3,Vacant,0.0000
2026-03-19 16:41:28.836,7,R1,Vacant,0.0000
2026-03-19 16:41:28.836,8,R2,Vacant,0.0000
2026-03-19 16:41:28.836,9,R3,Vacant,0.0000
2026-03-19 16:41:28.931,0,L1,Vacant,0.0000
2026-03-19 16:41:28.931,1,L2,Vacant,0.0000
2026-03-19 16:41:28.931,2,L3,Vacant,0.1170
2026-03-19 16:41:28.931,3,L4,Vacant,0.0000
2026-03-19 16:41:28.931,4,C1,Vacant,0.0000
2026-03-19 16:41:28.931,5,C2,Vacant,0.0000
2026-03-19 16:41:28.931,6,C3,Vacant,0.0000
2026-03-19 16:41:28.931,7,R1,Vacant,0.0000
2026-03-19 16:41:28.931,8,R2,Vacant,0.0000
2026-03-19 16:41:28.931,9,R3,Vacant,0.0000
2026-03-19 16:41:29.040,0,L1,Vacant,0.0000
2026-03-19 16:41:29.040,1,L2,Vacant,0.0000
2026-03-19 16:41:29.040,2,L3,Vacant,0.0000
2026-03-19 16:41:29.040,3,L4,Vacant,0.0000
2026-03-19 16:41:29.040,4,C1,Vacant,0.0000
2026-03-19 16:41:29.040,5,C2,Vacant,0.0000
2026-03-19 16:41:29.040,6,C3,Vacant,0.0000
2026-03-19 16:41:29.040,7,R1,Vacant,0.0000
2026-03-19 16:41:29.040,8,R2,Vacant,0.0000
2026-03-19 16:41:29.040,9,R3,Vacant,0.0000
2026-03-19 16:41:29.150,0,L1,Vacant,0.0000
2026-03-19 16:41:29.150,1,L2,Vacant,0.0000
2026-03-19 16:41:29.150,2,L3,Vacant,0.0000
2026-03-19 16:41:29.150,3,L4,Vacant,0.0000
2026-03-19 16:41:29.150,4,C1,Vacant,0.0000
2026-03-19 16:41:29.150,5,C2,Vacant,0.0000
2026-03-19 16:41:29.150,6,C3,Vacant,0.0000
2026-03-19 16:41:29.150,7,R1,Vacant,0.0000
2026-03-19 16:41:29.150,8,R2,Vacant,0.0000
2026-03-19 16:41:29.150,9,R3,Vacant,0.0000
2026-03-19 16:41:29.271,0,L1,Vacant,0.0000
2026-03-19 16:41:29.271,1,L2,Vacant,0.0000
2026-03-19 16:41:29.271,2,L3,Vacant,0.0000
2026-03-19 16:41:29.271,3,L4,Vacant,0.0000
2026-03-19 16:41:29.271,4,C1,Vacant,0.0000
2026-03-19 16:41:29.271,5,C2,Vacant,0.0000
2026-03-19 16:41:29.271,6,C3,Vacant,0.0000
2026-03-19 16:41:29.271,7,R1,Vacant,0.0000
2026-03-19 16:41:29.271,8,R2,Vacant,0.0000
2026-03-19 16:41:29.271,9,R3,Vacant,0.0000
2026-03-19 16:41:29.383,0,L1,Vacant,0.0000
2026-03-19 16:41:29.383,1,L2,Vacant,0.0000
2026-03-19 16:41:29.383,2,L3,Vacant,0.0000
2026-03-19 16:41:29.383,3,L4,Vacant,0.0000
2026-03-19 16:41:29.383,4,C1,Vacant,0.0000
2026-03-19 16:41:29.383,5,C2,Vacant,0.0000
2026-03-19 16:41:29.383,6,C3,Vacant,0.0000
2026-03-19 16:41:29.383,7,R1,Vacant,0.0000
2026-03-19 16:41:29.383,8,R2,Vacant,0.0000
2026-03-19 16:41:29.383,9,R3,Vacant,0.0000
2026-03-19 16:41:29.492,0,L1,Vacant,0.0000
2026-03-19 16:41:29.492,1,L2,Vacant,0.0000
2026-03-19 16:41:29.492,2,L3,Vacant,0.0000
2026-03-19 16:41:29.492,3,L4,Vacant,0.0000
2026-03-19 16:41:29.492,4,C1,Vacant,0.0000
2026-03-19 16:41:29.492,5,C2,Vacant,0.0000
2026-03-19 16:41:29.492,6,C3,Vacant,0.0000
2026-03-19 16:41:29.492,7,R1,Vacant,0.0000
2026-03-19 16:41:29.492,8,R2,Vacant,0.0000
2026-03-19 16:41:29.492,9,R3,Vacant,0.0000
2026-03-19 16:41:29.613,0,L1,Vacant,0.0000
2026-03-19 16:41:29.613,1,L2,Vacant,0.0000
2026-03-19 16:41:29.613,2,L3,Vacant,0.0000
2026-03-19 16:41:29.613,3,L4,Vacant,0.0000
2026-03-19 16:41:29.613,4,C1,Vacant,0.0000
2026-03-19 16:41:29.613,5,C2,Vacant,0.0000
2026-03-19 16:41:29.613,6,C3,Vacant,0.0000
2026-03-19 16:41:29.613,7,R1,Vacant,0.0000
2026-03-19 16:41:29.613,8,R2,Vacant,0.0000
2026-03-19 16:41:29.613,9,R3,Vacant,0.0000
2026-03-19 16:41:29.727,0,L1,Vacant,0.0000
2026-03-19 16:41:29.727,1,L2,Vacant,0.0000
2026-03-19 16:41:29.727,2,L3,Vacant,0.0000
2026-03-19 16:41:29.727,3,L4,Vacant,0.0000
2026-03-19 16:41:29.727,4,C1,Vacant,0.0000
2026-03-19 16:41:29.727,5,C2,Vacant,0.0000
2026-03-19 16:41:29.727,6,C3,Vacant,0.0000
2026-03-19 16:41:29.727,7,R1,Vacant,0.0000
2026-03-19 16:41:29.727,8,R2,Vacant,0.0000
2026-03-19 16:41:29.727,9,R3,Vacant,0.0000
2026-03-19 16:41:29.854,0,L1,Vacant,0.0000
2026-03-19 16:41:29.854,1,L2,Vacant,0.0000
2026-03-19 16:41:29.854,2,L3,Vacant,0.0000
2026-03-19 16:41:29.854,3,L4,Vacant,0.0000
2026-03-19 16:41:29.854,4,C1,Vacant,0.0000
2026-03-19 16:41:29.854,5,C2,Vacant,0.0000
2026-03-19 16:41:29.854,6,C3,Vacant,0.0000
2026-03-19 16:41:29.854,7,R1,Vacant,0.0000
2026-03-19 16:41:29.854,8,R2,Vacant,0.1217
2026-03-19 16:41:29.854,9,R3,Vacant,0.0000
2026-03-19 16:41:29.946,0,L1,Vacant,0.0000
2026-03-19 16:41:29.946,1,L2,Vacant,0.0000
2026-03-19 16:41:29.946,2,L3,Vacant,0.0000
2026-03-19 16:41:29.946,3,L4,Vacant,0.0000
2026-03-19 16:41:29.946,4,C1,Vacant,0.0000
2026-03-19 16:41:29.946,5,C2,Vacant,0.0000
2026-03-19 16:41:29.946,6,C3,Vacant,0.0000
2026-03-19 16:41:29.946,7,R1,Vacant,0.0000
2026-03-19 16:41:29.946,8,R2,Vacant,0.0000
2026-03-19 16:41:29.946,9,R3,Vacant,0.0000
2026-03-19 16:41:30.047,0,L1,Vacant,0.0000
2026-03-19 16:41:30.047,1,L2,Vacant,0.0000
2026-03-19 16:41:30.047,2,L3,Vacant,0.0000
2026-03-19 16:41:30.047,3,L4,Vacant,0.0000
2026-03-19 16:41:30.047,4,C1,Vacant,0.0000
2026-03-19 16:41:30.047,5,C2,Vacant,0.0000
2026-03-19 16:41:30.047,6,C3,Vacant,0.0000
2026-03-19 16:41:30.047,7,R1,Vacant,0.0000
2026-03-19 16:41:30.047,8,R2,Vacant,0.0000
2026-03-19 16:41:30.047,9,R3,Vacant,0.0000
2026-03-19 16:41:30.135,0,L1,Vacant,0.0000
2026-03-19 16:41:30.135,1,L2,Vacant,0.0000
2026-03-19 16:41:30.135,2,L3,Vacant,0.0000
2026-03-19 16:41:30.135,3,L4,Vacant,0.0000
2026-03-19 16:41:30.135,4,C1,Vacant,0.0000
2026-03-19 16:41:30.135,5,C2,Vacant,0.0000
2026-03-19 16:41:30.135,6,C3,Vacant,0.0000
2026-03-19 16:41:30.135,7,R1,Vacant,0.0000
2026-03-19 16:41:30.135,8,R2,Vacant,0.0000
2026-03-19 16:41:30.135,9,R3,Vacant,0.0000
2026-03-19 16:41:30.225,0,L1,Vacant,0.0000
2026-03-19 16:41:30.225,1,L2,Vacant,0.0000
2026-03-19 16:41:30.225,2,L3,Vacant,0.0000
2026-03-19 16:41:30.225,3,L4,Vacant,0.0000
2026-03-19 16:41:30.225,4,C1,Vacant,0.0000
2026-03-19 16:41:30.225,5,C2,Vacant,0.0000
2026-03-19 16:41:30.225,6,C3,Vacant,0.0000
2026-03-19 16:41:30.225,7,R1,Vacant,0.0000
2026-03-19 16:41:30.225,8,R2,Vacant,0.0000
2026-03-19 16:41:30.225,9,R3,Vacant,0.0000
2026-03-19 16:41:30.315,0,L1,Vacant,0.0000
2026-03-19 16:41:30.315,1,L2,Vacant,0.0000
2026-03-19 16:41:30.315,2,L3,Vacant,0.0000
2026-03-19 16:41:30.315,3,L4,Vacant,0.0000
2026-03-19 16:41:30.315,4,C1,Vacant,0.0000
2026-03-19 16:41:30.315,5,C2,Vacant,0.0000
2026-03-19 16:41:30.315,6,C3,Vacant,0.0000
2026-03-19 16:41:30.315,7,R1,Vacant,0.0000
2026-03-19 16:41:30.315,8,R2,Vacant,0.0000
2026-03-19 16:41:30.315,9,R3,Vacant,0.0000
2026-03-19 16:41:30.403,0,L1,Vacant,0.0000
2026-03-19 16:41:30.403,1,L2,Vacant,0.0000
2026-03-19 16:41:30.403,2,L3,Vacant,0.0000
2026-03-19 16:41:30.403,3,L4,Vacant,0.0000
2026-03-19 16:41:30.403,4,C1,Vacant,0.0000
2026-03-19 16:41:30.403,5,C2,Vacant,0.0000
2026-03-19 16:41:30.403,6,C3,Vacant,0.0000
2026-03-19 16:41:30.403,7,R1,Vacant,0.0000
2026-03-19 16:41:30.403,8,R2,Vacant,0.0000
2026-03-19 16:41:30.403,9,R3,Vacant,0.0000
2026-03-19 16:41:30.491,0,L1,Vacant,0.0000
2026-03-19 16:41:30.491,1,L2,Vacant,0.0000
2026-03-19 16:41:30.491,2,L3,Vacant,0.0000
2026-03-19 16:41:30.491,3,L4,Vacant,0.0000
2026-03-19 16:41:30.491,4,C1,Vacant,0.0000
2026-03-19 16:41:30.491,5,C2,Vacant,0.0000
2026-03-19 16:41:30.491,6,C3,Vacant,0.0000
2026-03-19 16:41:30.491,7,R1,Vacant,0.0000
2026-03-19 16:41:30.491,8,R2,Vacant,0.0000
2026-03-19 16:41:30.491,9,R3,Vacant,0.0000
2026-03-19 16:41:30.579,0,L1,Vacant,0.0000
2026-03-19 16:41:30.579,1,L2,Vacant,0.0000
2026-03-19 16:41:30.579,2,L3,Vacant,0.0000
2026-03-19 16:41:30.579,3,L4,Vacant,0.0000
2026-03-19 16:41:30.579,4,C1,Vacant,0.0000
2026-03-19 16:41:30.579,5,C2,Vacant,0.0000
2026-03-19 16:41:30.579,6,C3,Vacant,0.0000
2026-03-19 16:41:30.579,7,R1,Vacant,0.0000
2026-03-19 16:41:30.579,8,R2,Vacant,0.0000
2026-03-19 16:41:30.579,9,R3,Vacant,0.0000
2026-03-19 16:41:30.666,0,L1,Vacant,0.0000
2026-03-19 16:41:30.666,1,L2,Vacant,0.0000
2026-03-19 16:41:30.666,2,L3,Vacant,0.0000
2026-03-19 16:41:30.666,3,L4,Vacant,0.0000
2026-03-19 16:41:30.666,4,C1,Vacant,0.0000
2026-03-19 16:41:30.666,5,C2,Vacant,0.0000
2026-03-19 16:41:30.666,6,C3,Vacant,0.0000
2026-03-19 16:41:30.666,7,R1,Vacant,0.0000
2026-03-19 16:41:30.666,8,R2,Vacant,0.0000
2026-03-19 16:41:30.666,9,R3,Vacant,0.0000
2026-03-19 16:41:30.752,0,L1,Vacant,0.0000
2026-03-19 16:41:30.752,1,L2,Vacant,0.0000
2026-03-19 16:41:30.752,2,L3,Vacant,0.0000
2026-03-19 16:41:30.752,3,L4,Vacant,0.0000
2026-03-19 16:41:30.752,4,C1,Vacant,0.0000
2026-03-19 16:41:30.752,5,C2,Vacant,0.0000
2026-03-19 16:41:30.752,6,C3,Vacant,0.0000
2026-03-19 16:41:30.752,7,R1,Vacant,0.0000
2026-03-19 16:41:30.752,8,R2,Vacant,0.0000
2026-03-19 16:41:30.752,9,R3,Vacant,0.0000
2026-03-19 16:41:30.837,0,L1,Vacant,0.0000
2026-03-19 16:41:30.837,1,L2,Vacant,0.0000
2026-03-19 16:41:30.837,2,L3,Vacant,0.0000
2026-03-19 16:41:30.837,3,L4,Vacant,0.0000
2026-03-19 16:41:30.837,4,C1,Vacant,0.0000
2026-03-19 16:41:30.837,5,C2,Vacant,0.0000
2026-03-19 16:41:30.837,6,C3,Vacant,0.0000
2026-03-19 16:41:30.837,7,R1,Vacant,0.0000
2026-03-19 16:41:30.837,8,R2,Vacant,0.0000
2026-03-19 16:41:30.837,9,R3,Vacant,0.0000
2026-03-19 16:41:30.918,0,L1,Vacant,0.1633
2026-03-19 16:41:30.918,1,L2,Vacant,0.0000
2026-03-19 16:41:30.918,2,L3,Vacant,0.0000
2026-03-19 16:41:30.918,3,L4,Vacant,0.0000
2026-03-19 16:41:30.918,4,C1,Vacant,0.0000
2026-03-19 16:41:30.918,5,C2,Vacant,0.0000
2026-03-19 16:41:30.918,6,C3,Vacant,0.0000
2026-03-19 16:41:30.918,7,R1,Vacant,0.0000
2026-03-19 16:41:30.918,8,R2,Vacant,0.0000
2026-03-19 16:41:30.918,9,R3,Vacant,0.0000
2026-03-19 16:41:31.003,0,L1,Vacant,0.0000
2026-03-19 16:41:31.003,1,L2,Vacant,0.0000
2026-03-19 16:41:31.003,2,L3,Vacant,0.0000
2026-03-19 16:41:31.003,3,L4,Vacant,0.0000
2026-03-19 16:41:31.003,4,C1,Vacant,0.0000
2026-03-19 16:41:31.003,5,C2,Vacant,0.0000
2026-03-19 16:41:31.003,6,C3,Vacant,0.0000
2026-03-19 16:41:31.003,7,R1,Vacant,0.0000
2026-03-19 16:41:31.003,8,R2,Vacant,0.0000
2026-03-19 16:41:31.003,9,R3,Vacant,0.0000
2026-03-19 16:41:31.100,0,L1,Vacant,0.0000
2026-03-19 16:41:31.100,1,L2,Vacant,0.0000
2026-03-19 16:41:31.100,2,L3,Vacant,0.0000
2026-03-19 16:41:31.100,3,L4,Vacant,0.0000
2026-03-19 16:41:31.100,4,C1,Vacant,0.0000
2026-03-19 16:41:31.100,5,C2,Vacant,0.0000
2026-03-19 16:41:31.100,6,C3,Vacant,0.0000
2026-03-19 16:41:31.100,7,R1,Vacant,0.0000
2026-03-19 16:41:31.100,8,R2,Vacant,0.0000
2026-03-19 16:41:31.100,9,R3,Vacant,0.0000
2026-03-19 16:41:31.184,0,L1,Vacant,0.0000
2026-03-19 16:41:31.184,1,L2,Vacant,0.0000
2026-03-19 16:41:31.184,2,L3,Vacant,0.0000
2026-03-19 16:41:31.184,3,L4,Vacant,0.0000
2026-03-19 16:41:31.184,4,C1,Vacant,0.0000
2026-03-19 16:41:31.184,5,C2,Vacant,0.0000
2026-03-19 16:41:31.184,6,C3,Vacant,0.0000
2026-03-19 16:41:31.184,7,R1,Vacant,0.0000
2026-03-19 16:41:31.184,8,R2,Vacant,0.0000
2026-03-19 16:41:31.184,9,R3,Vacant,0.0000
2026-03-19 16:41:31.272,0,L1,Vacant,0.0000
2026-03-19 16:41:31.272,1,L2,Vacant,0.0000
2026-03-19 16:41:31.272,2,L3,Vacant,0.0000
2026-03-19 16:41:31.272,3,L4,Vacant,0.0000
2026-03-19 16:41:31.272,4,C1,Vacant,0.0000
2026-03-19 16:41:31.272,5,C2,Vacant,0.0000
2026-03-19 16:41:31.272,6,C3,Vacant,0.0000
2026-03-19 16:41:31.272,7,R1,Vacant,0.0000
2026-03-19 16:41:31.272,8,R2,Vacant,0.0000
2026-03-19 16:41:31.272,9,R3,Vacant,0.0000
2026-03-19 16:41:31.361,0,L1,Vacant,0.0000
2026-03-19 16:41:31.361,1,L2,Vacant,0.0000
2026-03-19 16:41:31.361,2,L3,Vacant,0.0000
2026-03-19 16:41:31.361,3,L4,Vacant,0.0000
2026-03-19 16:41:31.361,4,C1,Vacant,0.0000
2026-03-19 16:41:31.361,5,C2,Vacant,0.0000
2026-03-19 16:41:31.361,6,C3,Vacant,0.0000
2026-03-19 16:41:31.361,7,R1,Vacant,0.0000
2026-03-19 16:41:31.361,8,R2,Vacant,0.0000
2026-03-19 16:41:31.361,9,R3,Vacant,0.0000
2026-03-19 16:41:31.447,0,L1,Vacant,0.0000
2026-03-19 16:41:31.447,1,L2,Vacant,0.0000
2026-03-19 16:41:31.447,2,L3,Vacant,0.0000
2026-03-19 16:41:31.447,3,L4,Vacant,0.0000
2026-03-19 16:41:31.447,4,C1,Vacant,0.0000
2026-03-19 16:41:31.447,5,C2,Vacant,0.0000
2026-03-19 16:41:31.447,6,C3,Vacant,0.0000
2026-03-19 16:41:31.447,7,R1,Vacant,0.0000
2026-03-19 16:41:31.447,8,R2,Vacant,0.0000
2026-03-19 16:41:31.447,9,R3,Vacant,0.0000
2026-03-19 16:41:31.531,0,L1,Vacant,0.0000
2026-03-19 16:41:31.531,1,L2,Vacant,0.0000
2026-03-19 16:41:31.531,2,L3,Vacant,0.0000
2026-03-19 16:41:31.531,3,L4,Vacant,0.0000
2026-03-19 16:41:31.531,4,C1,Vacant,0.0000
2026-03-19 16:41:31.531,5,C2,Vacant,0.0000
2026-03-19 16:41:31.531,6,C3,Vacant,0.0000
2026-03-19 16:41:31.531,7,R1,Vacant,0.0000
2026-03-19 16:41:31.531,8,R2,Vacant,0.0000
2026-03-19 16:41:31.531,9,R3,Vacant,0.0000
2026-03-19 16:41:31.619,0,L1,Vacant,0.0000
2026-03-19 16:41:31.619,1,L2,Vacant,0.0000
2026-03-19 16:41:31.619,2,L3,Vacant,0.0000
2026-03-19 16:41:31.619,3,L4,Vacant,0.0000
2026-03-19 16:41:31.619,4,C1,Vacant,0.0000
2026-03-19 16:41:31.619,5,C2,Vacant,0.0000
2026-03-19 16:41:31.619,6,C3,Vacant,0.0000
2026-03-19 16:41:31.619,7,R1,Vacant,0.0000
2026-03-19 16:41:31.619,8,R2,Vacant,0.0000
2026-03-19 16:41:31.619,9,R3,Vacant,0.0000
2026-03-19 16:41:31.706,0,L1,Vacant,0.0000
2026-03-19 16:41:31.706,1,L2,Vacant,0.0000
2026-03-19 16:41:31.706,2,L3,Vacant,0.0000
2026-03-19 16:41:31.706,3,L4,Vacant,0.0000
2026-03-19 16:41:31.706,4,C1,Vacant,0.0000
2026-03-19 16:41:31.706,5,C2,Vacant,0.0000
2026-03-19 16:41:31.706,6,C3,Vacant,0.0000
2026-03-19 16:41:31.706,7,R1,Vacant,0.0000
2026-03-19 16:41:31.706,8,R2,Vacant,0.0000
2026-03-19 16:41:31.706,9,R3,Vacant,0.0000
2026-03-19 16:41:31.791,0,L1,Vacant,0.0000
2026-03-19 16:41:31.791,1,L2,Vacant,0.0000
2026-03-19 16:41:31.791,2,L3,Vacant,0.1611
2026-03-19 16:41:31.791,3,L4,Vacant,0.0000
2026-03-19 16:41:31.791,4,C1,Vacant,0.0000
2026-03-19 16:41:31.791,5,C2,Vacant,0.0000
2026-03-19 16:41:31.791,6,C3,Vacant,0.0000
2026-03-19 16:41:31.791,7,R1,Vacant,0.0000
2026-03-19 16:41:31.791,8,R2,Vacant,0.0000
2026-03-19 16:41:31.791,9,R3,Vacant,0.0000
2026-03-19 16:41:31.874,0,L1,Vacant,0.0000
2026-03-19 16:41:31.874,1,L2,Vacant,0.0000
2026-03-19 16:41:31.874,2,L3,Vacant,0.0000
2026-03-19 16:41:31.874,3,L4,Vacant,0.0000
2026-03-19 16:41:31.874,4,C1,Vacant,0.0000
2026-03-19 16:41:31.874,5,C2,Vacant,0.0000
2026-03-19 16:41:31.874,6,C3,Vacant,0.0000
2026-03-19 16:41:31.874,7,R1,Vacant,0.0000
2026-03-19 16:41:31.874,8,R2,Vacant,0.0000
2026-03-19 16:41:31.874,9,R3,Vacant,0.0000
2026-03-19 16:41:31.953,0,L1,Vacant,0.0000
2026-03-19 16:41:31.953,1,L2,Vacant,0.0000
2026-03-19 16:41:31.953,2,L3,Vacant,0.0000
2026-03-19 16:41:31.953,3,L4,Vacant,0.0000
2026-03-19 16:41:31.953,4,C1,Vacant,0.0000
2026-03-19 16:41:31.953,5,C2,Vacant,0.0000
2026-03-19 16:41:31.953,6,C3,Vacant,0.0000
2026-03-19 16:41:31.953,7,R1,Vacant,0.0000
2026-03-19 16:41:31.953,8,R2,Vacant,0.0000
2026-03-19 16:41:31.953,9,R3,Vacant,0.0000
2026-03-19 16:41:32.031,0,L1,Vacant,0.0000
2026-03-19 16:41:32.031,1,L2,Vacant,0.0000
2026-03-19 16:41:32.031,2,L3,Vacant,0.0000
2026-03-19 16:41:32.031,3,L4,Vacant,0.0000
2026-03-19 16:41:32.031,4,C1,Vacant,0.0000
2026-03-19 16:41:32.031,5,C2,Vacant,0.0000
2026-03-19 16:41:32.031,6,C3,Vacant,0.0000
2026-03-19 16:41:32.031,7,R1,Vacant,0.0000
2026-03-19 16:41:32.031,8,R2,Vacant,0.0000
2026-03-19 16:41:32.031,9,R3,Vacant,0.0000
2026-03-19 16:41:32.124,0,L1,Vacant,0.0000
2026-03-19 16:41:32.124,1,L2,Vacant,0.0000
2026-03-19 16:41:32.124,2,L3,Vacant,0.0000
2026-03-19 16:41:32.124,3,L4,Vacant,0.0000
2026-03-19 16:41:32.124,4,C1,Vacant,0.0000
2026-03-19 16:41:32.124,5,C2,Vacant,0.0000
2026-03-19 16:41:32.124,6,C3,Vacant,0.0000
2026-03-19 16:41:32.124,7,R1,Vacant,0.0000
2026-03-19 16:41:32.124,8,R2,Vacant,0.0000
2026-03-19 16:41:32.124,9,R3,Vacant,0.0000
2026-03-19 16:41:32.205,0,L1,Vacant,0.0000
2026-03-19 16:41:32.205,1,L2,Vacant,0.0000
2026-03-19 16:41:32.205,2,L3,Vacant,0.0000
2026-03-19 16:41:32.205,3,L4,Vacant,0.0000
2026-03-19 16:41:32.205,4,C1,Vacant,0.0000
2026-03-19 16:41:32.205,5,C2,Vacant,0.0000
2026-03-19 16:41:32.205,6,C3,Vacant,0.0000
2026-03-19 16:41:32.205,7,R1,Vacant,0.0000
2026-03-19 16:41:32.205,8,R2,Vacant,0.0000
2026-03-19 16:41:32.205,9,R3,Vacant,0.0000
2026-03-19 16:41:32.286,0,L1,Vacant,0.0000
2026-03-19 16:41:32.286,1,L2,Vacant,0.0000
2026-03-19 16:41:32.286,2,L3,Vacant,0.0000
2026-03-19 16:41:32.286,3,L4,Vacant,0.0000
2026-03-19 16:41:32.286,4,C1,Vacant,0.0000
2026-03-19 16:41:32.286,5,C2,Vacant,0.0000
2026-03-19 16:41:32.286,6,C3,Vacant,0.0000
2026-03-19 16:41:32.286,7,R1,Vacant,0.0000
2026-03-19 16:41:32.286,8,R2,Vacant,0.0000
2026-03-19 16:41:32.286,9,R3,Vacant,0.0000
2026-03-19 16:41:32.365,0,L1,Vacant,0.0000
2026-03-19 16:41:32.365,1,L2,Vacant,0.0000
2026-03-19 16:41:32.365,2,L3,Vacant,0.0000
2026-03-19 16:41:32.365,3,L4,Vacant,0.0000
2026-03-19 16:41:32.365,4,C1,Vacant,0.0000
2026-03-19 16:41:32.365,5,C2,Vacant,0.0000
2026-03-19 16:41:32.365,6,C3,Vacant,0.0000
2026-03-19 16:41:32.365,7,R1,Vacant,0.0000
2026-03-19 16:41:32.365,8,R2,Vacant,0.0000
2026-03-19 16:41:32.365,9,R3,Vacant,0.0000
2026-03-19 16:41:32.445,0,L1,Vacant,0.0000
2026-03-19 16:41:32.445,1,L2,Vacant,0.0000
2026-03-19 16:41:32.445,2,L3,Vacant,0.0000
2026-03-19 16:41:32.445,3,L4,Vacant,0.0000
2026-03-19 16:41:32.445,4,C1,Vacant,0.0000
2026-03-19 16:41:32.445,5,C2,Vacant,0.0000
2026-03-19 16:41:32.445,6,C3,Vacant,0.0000
2026-03-19 16:41:32.445,7,R1,Vacant,0.0000
2026-03-19 16:41:32.445,8,R2,Vacant,0.0000
2026-03-19 16:41:32.445,9,R3,Vacant,0.0000
2026-03-19 16:41:32.523,0,L1,Vacant,0.0000
2026-03-19 16:41:32.523,1,L2,Vacant,0.0000
2026-03-19 16:41:32.523,2,L3,Vacant,0.0000
2026-03-19 16:41:32.523,3,L4,Vacant,0.0000
2026-03-19 16:41:32.523,4,C1,Vacant,0.0000
2026-03-19 16:41:32.523,5,C2,Vacant,0.0000
2026-03-19 16:41:32.523,6,C3,Vacant,0.0000
2026-03-19 16:41:32.523,7,R1,Vacant,0.0000
2026-03-19 16:41:32.523,8,R2,Vacant,0.0000
2026-03-19 16:41:32.523,9,R3,Vacant,0.0000
2026-03-19 16:41:32.605,0,L1,Vacant,0.0000
2026-03-19 16:41:32.605,1,L2,Vacant,0.0000
2026-03-19 16:41:32.605,2,L3,Vacant,0.0000
2026-03-19 16:41:32.605,3,L4,Vacant,0.0000
2026-03-19 16:41:32.605,4,C1,Vacant,0.0000
2026-03-19 16:41:32.605,5,C2,Vacant,0.0000
2026-03-19 16:41:32.605,6,C3,Vacant,0.0000
2026-03-19 16:41:32.605,7,R1,Vacant,0.0000
2026-03-19 16:41:32.605,8,R2,Vacant,0.0000
2026-03-19 16:41:32.605,9,R3,Vacant,0.0000
2026-03-19 16:41:32.700,0,L1,Vacant,0.0000
2026-03-19 16:41:32.700,1,L2,Vacant,0.0000
2026-03-19 16:41:32.700,2,L3,Vacant,0.0000
2026-03-19 16:41:32.700,3,L4,Vacant,0.0000
2026-03-19 16:41:32.700,4,C1,Vacant,0.0000
2026-03-19 16:41:32.700,5,C2,Vacant,0.0000
2026-03-19 16:41:32.700,6,C3,Vacant,0.0000
2026-03-19 16:41:32.700,7,R1,Vacant,0.0000
2026-03-19 16:41:32.700,8,R2,Vacant,0.0000
2026-03-19 16:41:32.700,9,R3,Vacant,0.0000
2026-03-19 16:41:32.790,0,L1,Vacant,0.0000
2026-03-19 16:41:32.790,1,L2,Vacant,0.0000
2026-03-19 16:41:32.790,2,L3,Vacant,0.0000
2026-03-19 16:41:32.790,3,L4,Vacant,0.0000
2026-03-19 16:41:32.790,4,C1,Vacant,0.0000
2026-03-19 16:41:32.790,5,C2,Vacant,0.0000
2026-03-19 16:41:32.790,6,C3,Vacant,0.0000
2026-03-19 16:41:32.790,7,R1,Vacant,0.0000
2026-03-19 16:41:32.790,8,R2,Vacant,0.0000
2026-03-19 16:41:32.790,9,R3,Vacant,0.0000
2026-03-19 16:41:32.875,0,L1,Vacant,0.0000
2026-03-19 16:41:32.875,1,L2,Vacant,0.0000
2026-03-19 16:41:32.875,2,L3,Vacant,0.0000
2026-03-19 16:41:32.875,3,L4,Vacant,0.0000
2026-03-19 16:41:32.875,4,C1,Vacant,0.0000
2026-03-19 16:41:32.875,5,C2,Vacant,0.0000
2026-03-19 16:41:32.875,6,C3,Vacant,0.0000
2026-03-19 16:41:32.875,7,R1,Vacant,0.0000
2026-03-19 16:41:32.875,8,R2,Vacant,0.0000
2026-03-19 16:41:32.875,9,R3,Vacant,0.0000
2026-03-19 16:41:32.964,0,L1,Vacant,0.0000
2026-03-19 16:41:32.964,1,L2,Vacant,0.0000
2026-03-19 16:41:32.964,2,L3,Vacant,0.0000
2026-03-19 16:41:32.964,3,L4,Vacant,0.0000
2026-03-19 16:41:32.964,4,C1,Vacant,0.0000
2026-03-19 16:41:32.964,5,C2,Vacant,0.0000
2026-03-19 16:41:32.964,6,C3,Vacant,0.0000
2026-03-19 16:41:32.964,7,R1,Vacant,0.0000
2026-03-19 16:41:32.964,8,R2,Vacant,0.0000
2026-03-19 16:41:32.964,9,R3,Vacant,0.0000
2026-03-19 16:41:33.046,0,L1,Vacant,0.0000
2026-03-19 16:41:33.046,1,L2,Vacant,0.0000
2026-03-19 16:41:33.046,2,L3,Vacant,0.0000
2026-03-19 16:41:33.046,3,L4,Vacant,0.0000
2026-03-19 16:41:33.046,4,C1,Vacant,0.0000
2026-03-19 16:41:33.046,5,C2,Vacant,0.0000
2026-03-19 16:41:33.046,6,C3,Vacant,0.0000
2026-03-19 16:41:33.046,7,R1,Vacant,0.0000
2026-03-19 16:41:33.046,8,R2,Vacant,0.0000
2026-03-19 16:41:33.046,9,R3,Vacant,0.0000
2026-03-19 16:41:33.146,0,L1,Vacant,0.0000
2026-03-19 16:41:33.146,1,L2,Vacant,0.0000
2026-03-19 16:41:33.146,2,L3,Vacant,0.0000
2026-03-19 16:41:33.146,3,L4,Vacant,0.0000
2026-03-19 16:41:33.146,4,C1,Vacant,0.0000
2026-03-19 16:41:33.146,5,C2,Vacant,0.0000
2026-03-19 16:41:33.146,6,C3,Vacant,0.0000
2026-03-19 16:41:33.146,7,R1,Vacant,0.0000
2026-03-19 16:41:33.146,8,R2,Vacant,0.0000
2026-03-19 16:41:33.146,9,R3,Vacant,0.0000
2026-03-19 16:41:33.230,0,L1,Vacant,0.0000
2026-03-19 16:41:33.230,1,L2,Vacant,0.0000
2026-03-19 16:41:33.230,2,L3,Vacant,0.0000
2026-03-19 16:41:33.230,3,L4,Vacant,0.0000
2026-03-19 16:41:33.230,4,C1,Vacant,0.0000
2026-03-19 16:41:33.230,5,C2,Vacant,0.0000
2026-03-19 16:41:33.230,6,C3,Vacant,0.0000
2026-03-19 16:41:33.230,7,R1,Vacant,0.0000
2026-03-19 16:41:33.230,8,R2,Vacant,0.0000
2026-03-19 16:41:33.230,9,R3,Vacant,0.0000
2026-03-19 16:41:33.327,0,L1,Vacant,0.0000
2026-03-19 16:41:33.327,1,L2,Vacant,0.0000
2026-03-19 16:41:33.327,2,L3,Vacant,0.0000
2026-03-19 16:41:33.327,3,L4,Vacant,0.0000
2026-03-19 16:41:33.327,4,C1,Vacant,0.0000
2026-03-19 16:41:33.327,5,C2,Vacant,0.0000
2026-03-19 16:41:33.327,6,C3,Vacant,0.0000
2026-03-19 16:41:33.327,7,R1,Vacant,0.0000
2026-03-19 16:41:33.327,8,R2,Vacant,0.0000
2026-03-19 16:41:33.327,9,R3,Vacant,0.0000
2026-03-19 16:41:33.411,0,L1,Vacant,0.0000
2026-03-19 16:41:33.411,1,L2,Vacant,0.0000
2026-03-19 16:41:33.411,2,L3,Vacant,0.0000
2026-03-19 16:41:33.411,3,L4,Vacant,0.0000
2026-03-19 16:41:33.411,4,C1,Vacant,0.0000
2026-03-19 16:41:33.411,5,C2,Vacant,0.0000
2026-03-19 16:41:33.411,6,C3,Vacant,0.0000
2026-03-19 16:41:33.411,7,R1,Vacant,0.0000
2026-03-19 16:41:33.411,8,R2,Vacant,0.0000
2026-03-19 16:41:33.411,9,R3,Vacant,0.0000
2026-03-19 16:41:33.492,0,L1,Vacant,0.0000
2026-03-19 16:41:33.492,1,L2,Vacant,0.0000
2026-03-19 16:41:33.492,2,L3,Vacant,0.0000
2026-03-19 16:41:33.492,3,L4,Vacant,0.0000
2026-03-19 16:41:33.492,4,C1,Vacant,0.0000
2026-03-19 16:41:33.492,5,C2,Vacant,0.0000
2026-03-19 16:41:33.492,6,C3,Vacant,0.0000
2026-03-19 16:41:33.492,7,R1,Vacant,0.0000
2026-03-19 16:41:33.492,8,R2,Vacant,0.0000
2026-03-19 16:41:33.492,9,R3,Vacant,0.0000
2026-03-19 16:41:33.580,0,L1,Vacant,0.0000
2026-03-19 16:41:33.580,1,L2,Vacant,0.0000
2026-03-19 16:41:33.580,2,L3,Vacant,0.0000
2026-03-19 16:41:33.580,3,L4,Vacant,0.0000
2026-03-19 16:41:33.580,4,C1,Vacant,0.0000
2026-03-19 16:41:33.580,5,C2,Vacant,0.0000
2026-03-19 16:41:33.580,6,C3,Vacant,0.0000
2026-03-19 16:41:33.580,7,R1,Vacant,0.0000
2026-03-19 16:41:33.580,8,R2,Vacant,0.0000
2026-03-19 16:41:33.580,9,R3,Vacant,0.0000
2026-03-19 16:41:33.667,0,L1,Vacant,0.0000
2026-03-19 16:41:33.667,1,L2,Vacant,0.0000
2026-03-19 16:41:33.667,2,L3,Vacant,0.0000
2026-03-19 16:41:33.667,3,L4,Vacant,0.0000
2026-03-19 16:41:33.667,4,C1,Vacant,0.0000
2026-03-19 16:41:33.667,5,C2,Vacant,0.0000
2026-03-19 16:41:33.667,6,C3,Vacant,0.0000
2026-03-19 16:41:33.667,7,R1,Vacant,0.0000
2026-03-19 16:41:33.667,8,R2,Vacant,0.0000
2026-03-19 16:41:33.667,9,R3,Vacant,0.0000
2026-03-19 16:41:33.753,0,L1,Vacant,0.0000
2026-03-19 16:41:33.753,1,L2,Vacant,0.0000
2026-03-19 16:41:33.753,2,L3,Vacant,0.0000
2026-03-19 16:41:33.753,3,L4,Vacant,0.0000
2026-03-19 16:41:33.753,4,C1,Vacant,0.0000
2026-03-19 16:41:33.753,5,C2,Vacant,0.0000
2026-03-19 16:41:33.753,6,C3,Vacant,0.0000
2026-03-19 16:41:33.753,7,R1,Vacant,0.0000
2026-03-19 16:41:33.753,8,R2,Vacant,0.0000
2026-03-19 16:41:33.753,9,R3,Vacant,0.0000
2026-03-19 16:41:33.836,0,L1,Vacant,0.0000
2026-03-19 16:41:33.836,1,L2,Vacant,0.0000
2026-03-19 16:41:33.836,2,L3,Vacant,0.0000
2026-03-19 16:41:33.836,3,L4,Vacant,0.0000
2026-03-19 16:41:33.836,4,C1,Vacant,0.0000
2026-03-19 16:41:33.836,5,C2,Vacant,0.0000
2026-03-19 16:41:33.836,6,C3,Vacant,0.0000
2026-03-19 16:41:33.836,7,R1,Vacant,0.0000
2026-03-19 16:41:33.836,8,R2,Vacant,0.0000
2026-03-19 16:41:33.836,9,R3,Vacant,0.0000
2026-03-19 16:41:33.928,0,L1,Vacant,0.0000
2026-03-19 16:41:33.928,1,L2,Vacant,0.0000
2026-03-19 16:41:33.928,2,L3,Vacant,0.0000
2026-03-19 16:41:33.928,3,L4,Vacant,0.0000
2026-03-19 16:41:33.928,4,C1,Vacant,0.0000
2026-03-19 16:41:33.928,5,C2,Vacant,0.0000
2026-03-19 16:41:33.928,6,C3,Vacant,0.0000
2026-03-19 16:41:33.928,7,R1,Vacant,0.0000
2026-03-19 16:41:33.928,8,R2,Vacant,0.0000
2026-03-19 16:41:33.928,9,R3,Vacant,0.0000
2026-03-19 16:41:34.018,0,L1,Vacant,0.0000
2026-03-19 16:41:34.018,1,L2,Vacant,0.0000
2026-03-19 16:41:34.018,2,L3,Vacant,0.0000
2026-03-19 16:41:34.018,3,L4,Vacant,0.0000
2026-03-19 16:41:34.018,4,C1,Vacant,0.0000
2026-03-19 16:41:34.018,5,C2,Vacant,0.0000
2026-03-19 16:41:34.018,6,C3,Vacant,0.0000
2026-03-19 16:41:34.018,7,R1,Vacant,0.0000
2026-03-19 16:41:34.018,8,R2,Vacant,0.0000
2026-03-19 16:41:34.018,9,R3,Vacant,0.0000
